Model,bubble_PRAUC,bubble_F1,bubble_BA,bubble_up_PRAUC,bubble_up_F1,bubble_up_BA,bubble_down_PRAUC,bubble_down_F1,bubble_down_BA,F1_macro
XGBoost,0.4218215790609038,0.5,0.7203907203907204,0.5190998329156223,0.3076923076923077,0.6309523809523809,0.13699375092992114,0.0,0.5,0.2692307692307692
Logistic Regression,0.32521662719010036,0.2972972972972973,0.5262515262515263,0.24343948105558014,0.2727272727272727,0.6571428571428571,0.46840619697762553,0.23255813953488372,0.6325051759834368,0.26752756985315124
Dummy (Always 0),0.17105263157894737,0.0,0.5,0.07894736842105263,0.0,0.5,0.09210526315789473,0.0,0.5,0.0
